{
  "view/View1.view.xml": 1626279234667,
  "manifest.json": 1626372388322,
  "model/models.js": 1626275476452,
  "controller/View1.controller.js": 1626372124537,
  "Component.js": 1626325571853,
  "manifest-bundle.zip": 1626372388007,
  "Component-preload.js": 1626372388274,
  "Component-dbg.js": 1626325571853,
  "controller/View1-dbg.controller.js": 1626372124537,
  "model/models-dbg.js": 1626275476452,
  "resources.json": 1626372388325,
  "i18n/i18n.properties": 1626372038149,
  "css/style.css": 1626275476448,
  "index.html": 1626275476444
}